,description,displaySymbol,symbol,type
0,WATERS CORP,WAT-RM.ME,WAT-RM,Common Stock
1,VERISK ANALYTICS INC,VRSK-RM.ME,VRSK-RM,Common Stock
2,TEUS ETF TINKOFF EUROSTC 50,TEUS.ME,TEUS,ETP
3,PINTEREST INC- CLASS A,PINS-RM.ME,PINS-RM,Common Stock
4,DOLLAR TREE INC,DLTR-RM.ME,DLTR-RM,Common Stock
5,PTC INC,PTC-RM.ME,PTC-RM,Common Stock
6,SUNRUN INC,RUN-RM.ME,RUN-RM,Common Stock
7,MEDIAHOLDING PJSC,ODVA.ME,ODVA,Common Stock
8,AKAMAI TECHNOLOGIES INC,AKAM-RM.ME,AKAM-RM,Common Stock
9,ROPER TECHNOLOGIES INC,ROP-RM.ME,ROP-RM,Common Stock
10,GAZPROM PJSC-SPON ADR,OGZD.ME,OGZD,ADR
11,TEKHNOLOGII 100 BPIF RFI ETF,AKNX.ME,AKNX,ETP
12,OTKRYTIE VSEPOGODNY BPIF ETF,OPNW.ME,OPNW,ETP
13,YUZHURAL ASKO PJSC,ACKO.ME,ACKO,Common Stock
14,SAREPTA THERAPEUTICS INC,SRPT-RM.ME,SRPT-RM,Common Stock
15,IDGC OF URALS JSC,MRKU.ME,MRKU,Common Stock
16,BROADCOM INC,AVGO-RM.ME,AVGO-RM,Common Stock
17,TRUIST FINANCIAL CORP,TFC-RM.ME,TFC-RM,Common Stock
18,LIVENT CORP,LTHM-RM.ME,LTHM-RM,Common Stock
19,PROCTER & GAMBLE CO/THE,PG-RM.ME,PG-RM,Common Stock
20,KEURIG DR PEPPER INC,KDP-RM.ME,KDP-RM,Common Stock
21,TRANSFIN-M PAO,TRFM.ME,TRFM,Common Stock
22,FIRST INVESTMENT FUND MERIDI,MERF.ME,MERF,Common Stock
23,DAGESTAN ENERGY SUPPLY CO,DASB.ME,DASB,Common Stock
24,COSTCO WHOLESALE CORP,COST-RM.ME,COST-RM,Common Stock
25,MOLSON COORS BEVERAGE CO - B,TAP-RM.ME,TAP-RM,Common Stock
26,DEVON ENERGY CORP,DVN-RM.ME,DVN-RM,Common Stock
27,TEXAS INSTRUMENTS INC,TXN-RM.ME,TXN-RM,Common Stock
28,POOL CORP,POOL-RM.ME,POOL-RM,Common Stock
29,SUGB ETF GOVERNMENT BOND 1-3,SUGB.ME,SUGB,ETP
30,MGM RESORTS INTERNATIONAL,MGM-RM.ME,MGM-RM,Common Stock
31,BATH & BODY WORKS INC,BBWI-RM.ME,BBWI-RM,Common Stock
32,APA CORP,APA-RM.ME,APA-RM,Common Stock
33,DOLLAR GENERAL CORP,DG-RM.ME,DG-RM,Common Stock
34,NORTONLIFELOCK INC,NLOK-RM.ME,NLOK-RM,Common Stock
35,GLOBALTRUCK MANAGEMENT PJSC,GTRK.ME,GTRK,Common Stock
36,NORTHROP GRUMMAN CORP,NOC-RM.ME,NOC-RM,Common Stock
37,RAIFFEISEN MOEX 15 TOTAL RET,RCMX.ME,RCMX,ETP
38,KOSAYA GORA IRON WORKS PJSC,KMTZ.ME,KMTZ,Common Stock
39,QUIDEL CORP,QDEL-RM.ME,QDEL-RM,Common Stock
40,ROSDORBANK,RDRB.ME,RDRB,Common Stock
41,CHANGE HEALTHCARE INC,CHNG-RM.ME,CHNG-RM,Common Stock
42,DATADOG INC - CLASS A,DDOG-RM.ME,DDOG-RM,Common Stock
43,FINEX RUSSIAN CORP BONDS ETF,FXRB.ME,FXRB,ETP
44,ORGANICHESKY SINTEZ PJSC,KZOS.ME,KZOS,Common Stock
45,RUSOLOVO PJSC,ROLO.ME,ROLO,Common Stock
46,CAMPBELL SOUP CO,CPB-RM.ME,CPB-RM,Common Stock
47,ALLY FINANCIAL INC,ALLY-RM.ME,ALLY-RM,Common Stock
48,HANESBRANDS INC,HBI-RM.ME,HBI-RM,Common Stock
49,INTERCONTINENTAL EXCHANGE IN,ICE-RM.ME,ICE-RM,Common Stock
50,INCYTE CORP,INCY-RM.ME,INCY-RM,Common Stock
51,DELTA AIR LINES INC,DAL-RM.ME,DAL-RM,Common Stock
52,ALCOA CORP,AA-RM.ME,AA-RM,Common Stock
53,NORDSTROM INC,JWN-RM.ME,JWN-RM,Common Stock
54,LSR GROUP PJSC,LSRG.ME,LSRG,Common Stock
55,RN-WESTERN SIBERIA PJSC,CHGZ.ME,CHGZ,Common Stock
56,AEROFLOT PJSC,AFLT.ME,AFLT,Common Stock
57,IPG PHOTONICS CORP,IPGP-RM.ME,IPGP-RM,Common Stock
58,GENERAL DYNAMICS CORP,GD-RM.ME,GD-RM,Common Stock
59,SOUTHWEST AIRLINES CO,LUV-RM.ME,LUV-RM,Common Stock
60,PENN NATIONAL GAMING INC,PENN-RM.ME,PENN-RM,Common Stock
61,VF CORP,VFC-RM.ME,VFC-RM,Common Stock
62,LI AUTO INC - ADR,LI-RM.ME,LI-RM,ADR
63,SISTEMA PJSFC,AFKS.ME,AFKS,Common Stock
64,IDGC OF THE NORTH-WEST PJSC,MRKZ.ME,MRKZ,Common Stock
65,ZYNERBA PHARMACEUTICALS INC,ZYNE-RM.ME,ZYNE-RM,Common Stock
66,WHIRLPOOL CORP,WHR-RM.ME,WHR-RM,Common Stock
67,ZILLOW GROUP INC - C,Z-RM.ME,Z-RM,Common Stock
68,SVB FINANCIAL GROUP,SIVB-RM.ME,SIVB-RM,Common Stock
69,PUBLIC SERVICE ENTERPRISE GP,PEG-RM.ME,PEG-RM,Common Stock
70,NOV INC,NOV-RM.ME,NOV-RM,Common Stock
71,M & T BANK CORP,MTB-RM.ME,MTB-RM,Common Stock
72,QORVO INC,QRVO-RM.ME,QRVO-RM,Common Stock
73,SOUTHERN KUZBASS PJSC,UKUZ.ME,UKUZ,Common Stock
74,BAIDU INC - SPON ADR,BIDU-RM.ME,BIDU-RM,ADR
75,RAVEN PROPERTY GROUP LTD,RAVN.ME,RAVN,Common Stock
76,TATNEFT PJSC,TATN.ME,TATN,Common Stock
77,PHILIP MORRIS INTERNATIONAL,PM-RM.ME,PM-RM,Common Stock
78,VTBA ETF US EQUITY,VTBA.ME,VTBA,ETP
79,STANLEY BLACK & DECKER INC,SWK-RM.ME,SWK-RM,Common Stock
80,JM SMUCKER CO/THE,SJM-RM.ME,SJM-RM,Common Stock
81,LUKOIL PJSC,LKOH.ME,LKOH,Common Stock
82,TEMPUR SEALY INTERNATIONAL I,TPX-RM.ME,TPX-RM,Common Stock
83,MURPHY OIL CORP,MUR-RM.ME,MUR-RM,Common Stock
84,TARGET CORP,TGT-RM.ME,TGT-RM,Common Stock
85,RUSHYDRO PJSC,HYDR.ME,HYDR,Common Stock
86,NPO FIZIKA OJSC,NPOF.ME,NPOF,Common Stock
87,MOBILE TELESYSTEMS PUBLIC JO,MTSS.ME,MTSS,Common Stock
88,FRANKLIN RESOURCES INC,BEN-RM.ME,BEN-RM,Common Stock
89,IOVANCE BIOTHERAPEUTICS INC,IOVA-RM.ME,IOVA-RM,Common Stock
90,TELEFLEX INC,TFX-RM.ME,TFX-RM,Common Stock
91,MASTERCARD INC - A,MA-RM.ME,MA-RM,Common Stock
92,SBERBANK-MOEX RUS TOTAL RTRN,SBMXTRT.ME,SBMXTRT,ETP
93,TRADE DESK INC/THE -CLASS A,TTD-RM.ME,TTD-RM,Common Stock
94,YUZHURALNIKEL PJSC,UNKL.ME,UNKL,Common Stock
95,MONSTER BEVERAGE CORP,MNST-RM.ME,MNST-RM,Common Stock
96,TERADYNE INC,TER-RM.ME,TER-RM,Common Stock
97,ALFA MANAGED BONDS,AKMB.ME,AKMB,ETP
98,KINDER MORGAN INC,KMI-RM.ME,KMI-RM,Common Stock
99,KOSTROMA RETAIL CO PJSC,KTSB.ME,KTSB,Common Stock
100,WALGREENS BOOTS ALLIANCE INC,WBA-RM.ME,WBA-RM,Common Stock
101,SFI PJSC,SFIN.ME,SFIN,Common Stock
102,FIRST SOLAR INC,FSLR-RM.ME,FSLR-RM,Common Stock
103,PETROPAVLOVSK PLC,POGR.ME,POGR,Common Stock
104,SBCB ETF USD CORPORATE BONDS,SBCB.ME,SBCB,ETP
105,P G & E CORP,PCG-RM.ME,PCG-RM,Common Stock
106,AKQU ETF,AKQU.ME,AKQU,ETP
107,CROWDSTRIKE HOLDINGS INC - A,CRWD-RM.ME,CRWD-RM,Common Stock
108,TPAS TINKOFF PAN ASIA,TPAS.ME,TPAS,ETP
109,NORFOLK SOUTHERN CORP,NSC-RM.ME,NSC-RM,Common Stock
110,TRAI ETF TINKOFF AI ROBOTICS,TRAI.ME,TRAI,ETP
111,CENTER FOR CARGO CONTAINER T,TRCN.ME,TRCN,Common Stock
112,KEYSIGHT TECHNOLOGIES IN,KEYS-RM.ME,KEYS-RM,Common Stock
113,DIGITAL TURBINE INC,APPS-RM.ME,APPS-RM,Common Stock
114,VERTEX PHARMACEUTICALS INC,VRTX-RM.ME,VRTX-RM,Common Stock
115,CMS ENERGY CORP,CMS-RM.ME,CMS-RM,Common Stock
116,UNITED PARCEL SERVICE-CL B,UPS-RM.ME,UPS-RM,Common Stock
117,AMERICAN EXPRESS CO,AXP-RM.ME,AXP-RM,Common Stock
118,AIRBNB INC-CLASS A,ABNB-RM.ME,ABNB-RM,Common Stock
119,PELOTON INTERACTIVE INC-A,PTON-RM.ME,PTON-RM,Common Stock
120,MORION PJSC,MORI.ME,MORI,Common Stock
121,SPROUTS FARMERS MARKET INC,SFM-RM.ME,SFM-RM,Common Stock
122,VTBB ETF RUS EURBND SMRT BT,VTBU.ME,VTBU,ETP
123,NIZHNEKAMSKNEFTEKHIM PJSC,NKNC.ME,NKNC,Common Stock
124,HESS CORP,HES-RM.ME,HES-RM,Common Stock
125,AVERY DENNISON CORP,AVY-RM.ME,AVY-RM,Common Stock
126,CIGNA CORP,CI-RM.ME,CI-RM,Common Stock
127,EUROPEAN ELTECH PJSC,EELT.ME,EELT,Common Stock
128,ON SEMICONDUCTOR,ON-RM.ME,ON-RM,Common Stock
129,STATE STREET CORP,STT-RM.ME,STT-RM,Common Stock
130,LIPETSK ENERGY RETAIL CO,LPSB.ME,LPSB,Common Stock
131,INVEST-DEVELOPMENT PJSC,IDVP.ME,IDVP,Common Stock
132,TINKOFF S&P 500 ETF,TSPX.ME,TSPX,ETP
133,ENTERGY CORP,ETR-RM.ME,ETR-RM,Common Stock
134,PNC FINANCIAL SERVICES GROUP,PNC-RM.ME,PNC-RM,Common Stock
135,SMITH (A.O.) CORP,AOS-RM.ME,AOS-RM,Common Stock
136,HALLIBURTON CO,HAL-RM.ME,HAL-RM,Common Stock
137,FAR-EASTERN ENERGY CO PJSC,DVEC.ME,DVEC,Common Stock
138,ARSAGERA PJSC,ARSA.ME,ARSA,Common Stock
139,DXC TECHNOLOGY CO,DXC-RM.ME,DXC-RM,Common Stock
140,CF INDUSTRIES HOLDINGS INC,CF-RM.ME,CF-RM,Common Stock
141,WORLD HIGH YIELD BONDS ETF,BCSY.ME,BCSY,ETP
142,BASHINFORMSVYAZ PJSC,BISV.ME,BISV,Common Stock
143,MORGAN STANLEY,MS-RM.ME,MS-RM,Common Stock
144,ROSSETI VOLGA PJSC,MRKV.ME,MRKV,Common Stock
145,XCEL ENERGY INC,XEL-RM.ME,XEL-RM,Common Stock
146,MAGADANENERGO PJSC,MAGE.ME,MAGE,Common Stock
147,INTEL CORP,INTC-RM.ME,INTC-RM,Common Stock
148,REGIONS FINANCIAL CORP,RF-RM.ME,RF-RM,Common Stock
149,HARTFORD FINANCIAL SVCS GRP,HIG-RM.ME,HIG-RM,Common Stock
150,CITIGROUP INC,C-RM.ME,C-RM,Common Stock
151,HORMEL FOODS CORP,HRL-RM.ME,HRL-RM,Common Stock
152,QUEST DIAGNOSTICS INC,DGX-RM.ME,DGX-RM,Common Stock
153,HEWLETT PACKARD ENTERPRISE,HPE-RM.ME,HPE-RM,Common Stock
154,SEALED AIR CORP,SEE-RM.ME,SEE-RM,Common Stock
155,RALPH LAUREN CORP,RL-RM.ME,RL-RM,Common Stock
156,BLACKSTONE INC,BX-RM.ME,BX-RM,Common Stock
157,US FOODS HOLDING CORP,USFD-RM.ME,USFD-RM,Common Stock
158,GAZ PJSC,GAZA.ME,GAZA,Common Stock
159,ROSINTER RESTAURANTS HOLDING,ROST.ME,ROST,Common Stock
160,FINEX USA UCITS ETF,FXUS.ME,FXUS,ETP
161,INTERPUBLIC GROUP OF COS INC,IPG-RM.ME,IPG-RM,Common Stock
162,JPMORGAN CHASE & CO,JPM-RM.ME,JPM-RM,Common Stock
163,INFORMATIKA +,SCIP.ME,SCIP,ETP
164,ZIMMER BIOMET HOLDINGS INC,ZBH-RM.ME,ZBH-RM,Common Stock
165,DROPBOX INC-CLASS A,DBX-RM.ME,DBX-RM,Common Stock
166,TUSIMPLE HOLDINGS INC - A,TSP-RM.ME,TSP-RM,Common Stock
167,MCDONALD'S CORP,MCD-RM.ME,MCD-RM,Common Stock
168,RAYMOND JAMES FINANCIAL INC,RJF-RM.ME,RJF-RM,Common Stock
169,ADVANCE AUTO PARTS INC,AAP-RM.ME,AAP-RM,Common Stock
170,FINEX GERMANY UCITS ETF,FXDE.ME,FXDE,ETP
171,LIVE NATION ENTERTAINMENT IN,LYV-RM.ME,LYV-RM,Common Stock
172,SMITH & WESSON BRANDS INC,SWBI-RM.ME,SWBI-RM,Common Stock
173,VULCAN MATERIALS CO,VMC-RM.ME,VMC-RM,Common Stock
174,COLGATE-PALMOLIVE CO,CL-RM.ME,CL-RM,Common Stock
175,QUADRA POWER GENERATION PJSC,TGKD.ME,TGKD,Common Stock
176,FINEX GOLD ETF USD,FXGD.ME,FXGD,ETP
177,MAGNOLIA OIL & GAS CORP - A,MGY-RM.ME,MGY-RM,Common Stock
178,CADENCE DESIGN SYS INC,CDNS-RM.ME,CDNS-RM,Common Stock
179,SAKHALINENERGO PJSC,SLEN.ME,SLEN,Common Stock
180,ROSS STORES INC,ROST-RM.ME,ROST-RM,Common Stock
181,MICRON TECHNOLOGY INC,MU-RM.ME,MU-RM,Common Stock
182,ARTHUR J GALLAGHER & CO,AJG-RM.ME,AJG-RM,Common Stock
183,VOLGOGRAD ENERGOSBYT PJSC,VGSB.ME,VGSB,Common Stock
184,AT&T INC,T-RM.ME,T-RM,Common Stock
185,DANAHER CORP,DHR-RM.ME,DHR-RM,Common Stock
186,AMHY ETF HIGH YIELD BONDS,AMHY.ME,AMHY,ETP
187,WESTERN UNION CO,WU-RM.ME,WU-RM,Common Stock
188,TUIMAZY CONCRETE DELIVERY TR,TUZA.ME,TUZA,Common Stock
189,ALBEMARLE CORP,ALB-RM.ME,ALB-RM,Common Stock
190,ZIL,ZILL.ME,ZILL,Common Stock
191,MORDOVIA ENERGY RETAIL CO PJ,MRSB.ME,MRSB,Common Stock
192,MOSCOW EXCHANGE MICEX-RTS PJ,MOEX.ME,MOEX,Common Stock
193,LOEWS CORP,L-RM.ME,L-RM,Common Stock
194,SERVICENOW INC,NOW-RM.ME,NOW-RM,Common Stock
195,EXPEDITORS INTL WASH INC,EXPD-RM.ME,EXPD-RM,Common Stock
196,UNION PACIFIC CORP,UNP-RM.ME,UNP-RM,Common Stock
197,SOLLERS PJSC,SVAV.ME,SVAV,Common Stock
198,NOVATEK PJSC,NVTK.ME,NVTK,Common Stock
199,CHURCH & DWIGHT CO INC,CHD-RM.ME,CHD-RM,Common Stock
200,NIKE INC -CL B,NKE-RM.ME,NKE-RM,Common Stock
201,AMMF ETF USA GROWTH LEADERS,AMMF.ME,AMMF,ETP
202,ENPHASE ENERGY INC,ENPH-RM.ME,ENPH-RM,Common Stock
203,MATCH GROUP INC,MTCH-RM.ME,MTCH-RM,Common Stock
204,ELI LILLY & CO,LLY-RM.ME,LLY-RM,Common Stock
205,BAXTER INTERNATIONAL INC,BAX-RM.ME,BAX-RM,Common Stock
206,KORSHYNOV MINING PLANT PJSC,KOGK.ME,KOGK,Common Stock
207,OPNE ETF OTKR EUROPEAN STOCK,OPNE.ME,OPNE,ETP
208,DR HORTON INC,DHI-RM.ME,DHI-RM,Common Stock
209,ESGR ETF RSHB-MOEX-RSPP VTR,ESGR.ME,ESGR,ETP
210,AMLV ETF SAFE HAVEN,AMLV.ME,AMLV,ETP
211,CONTEXTLOGIC INC - A,WISH-RM.ME,WISH-RM,Common Stock
212,AMERISOURCEBERGEN CORP,ABC-RM.ME,ABC-RM,Common Stock
213,AMRB ETF RUSSIAN BONDS +,AMRB.ME,AMRB,ETP
214,TINKOFF IPO INDEX ETF,TIPO.ME,TIPO,ETP
215,S&P GLOBAL INC,SPGI-RM.ME,SPGI-RM,Common Stock
216,SELIGDAR PJSC,SELG.ME,SELG,Common Stock
217,AES CORP,AES-RM.ME,AES-RM,Common Stock
218,GENERAL MOTORS CO,GM-RM.ME,GM-RM,Common Stock
219,KRASNOYARSKENERGOSBYT PJSC,KRSB.ME,KRSB,Common Stock
220,PETROCHINA CO LTD -ADR,PTR-RM.ME,PTR-RM,ADR
221,ETSY INC,ETSY-RM.ME,ETSY-RM,Common Stock
222,PEPSICO INC,PEP-RM.ME,PEP-RM,Common Stock
223,LABORATORY CRP OF AMER HLDGS,LH-RM.ME,LH-RM,Common Stock
224,SOUTHWESTERN ENERGY CO,SWN-RM.ME,SWN-RM,Common Stock
225,OSPB - OFZ 1000,SPBF.ME,SPBF,ETP
226,TNS ENERGO MARIY EL PJSC,MISB.ME,MISB,Common Stock
227,GENERAC HOLDINGS INC,GNRC-RM.ME,GNRC-RM,Common Stock
228,KURGANSKAYA GENERIRUYUSHCHAY,KGKC.ME,KGKC,Common Stock
229,WEST PHARMACEUTICAL SERVICES,WST-RM.ME,WST-RM,Common Stock
230,AMSL ETF SILVER,AMSL.ME,AMSL,ETP
231,SLAVNEFT-YAROSLAVNEFTEORGSIN,JNOS.ME,JNOS,Common Stock
232,FINEX GLOBAL EQUITY ETF RUBH,FXRW.ME,FXRW,ETP
233,TEXTRON INC,TXT-RM.ME,TXT-RM,Common Stock
234,SEVERSTAL PJSC,CHMF.ME,CHMF,Common Stock
235,KKR & CO INC,KKR-RM.ME,KKR-RM,Common Stock
236,TNS ENERGO VORONEZH PJSC,VRSB.ME,VRSB,Common Stock
237,EXXON MOBIL CORP,XOM-RM.ME,XOM-RM,Common Stock
238,SAP SE-SPONSORED ADR,SAP-RM.ME,SAP-RM,ADR
239,NIO INC - ADR,NIO-RM.ME,NIO-RM,ADR
240,NETFLIX INC,NFLX-RM.ME,NFLX-RM,Common Stock
241,QUANTUMSCAPE CORP,QS-RM.ME,QS-RM,Common Stock
242,DISCOVER FINANCIAL SERVICES,DFS-RM.ME,DFS-RM,Common Stock
243,GAZ-SERVICE PJSC,GAZS.ME,GAZS,Common Stock
244,CHEMOCENTRYX INC,CCXI-RM.ME,CCXI-RM,Common Stock
245,PHARMACY CHAIN 36.6 PJSC,APTK.ME,APTK,Common Stock
246,MKBD ETF RUSSIAN DIV SHARES,MKBD.ME,MKBD,ETP
247,AMERIPRISE FINANCIAL INC,AMP-RM.ME,AMP-RM,Common Stock
248,AMRE ETF RUSSIAN EQUITIES+,AMRE.ME,AMRE,ETP
249,MAGNITOGORSK IRON & STEEL WO,MAGN.ME,MAGN,Common Stock
250,HUNTINGTON INGALLS INDUSTRIE,HII-RM.ME,HII-RM,Common Stock
251,OTIS WORLDWIDE CORP,OTIS-RM.ME,OTIS-RM,Common Stock
252,MASCO CORP,MAS-RM.ME,MAS-RM,Common Stock
253,PRINCIPAL FINANCIAL GROUP,PFG-RM.ME,PFG-RM,Common Stock
254,EASTMAN CHEMICAL CO,EMN-RM.ME,EMN-RM,Common Stock
255,MRSK CENTRE PJSC,MRKC.ME,MRKC,Common Stock
256,DIOD PJSC,DIOD.ME,DIOD,Common Stock
257,SBERBNK-MOEX RUS GVT BND IND,SBGB.ME,SBGB,ETP
258,CVS HEALTH CORP,CVS-RM.ME,CVS-RM,Common Stock
259,VEON LTD,VEON-RX.ME,VEON-RX,Common Stock
260,UNITEDHEALTH GROUP INC,UNH-RM.ME,UNH-RM,Common Stock
261,RYAZAN ENERGY RETAIL CO PJSC,RZSB.ME,RZSB,Common Stock
262,FAR EASTERN SHIPPING CO PLC,FESH.ME,FESH,Common Stock
263,CINEMARK HOLDINGS INC,CNK-RM.ME,CNK-RM,Common Stock
264,TINKOFF BOND ETF,TBRU.ME,TBRU,ETP
265,EMERSON ELECTRIC CO,EMR-RM.ME,EMR-RM,Common Stock
266,OR PJSC,ORUP.ME,ORUP,Common Stock
267,COGNIZANT TECH SOLUTIONS-A,CTSH-RM.ME,CTSH-RM,Common Stock
268,KRASNYI KOTELSCHIK TKZ PJSC,KRKO.ME,KRKO,Common Stock
269,CORNING INC,GLW-RM.ME,GLW-RM,Common Stock
270,CAESARS ENTERTAINMENT INC,CZR-RM.ME,CZR-RM,Common Stock
271,GAZPROM PJSC,GAZP.ME,GAZP,Common Stock
272,ELECTROZINC OJSC,ELTZ.ME,ELTZ,Common Stock
273,ALFA CAPITAL VIDEOGAMES ETF,AKVG.ME,AKVG,ETP
274,VLADIMIR CHEMICAL PLANT PJSC,VLHZ.ME,VLHZ,Common Stock
275,EDWARDS LIFESCIENCES CORP,EW-RM.ME,EW-RM,Common Stock
276,GENERAL ELECTRIC CO,GE-RM.ME,GE-RM,Common Stock
277,ACTIVISION BLIZZARD INC,ATVI-RM.ME,ATVI-RM,Common Stock
278,VTBI ETF US INVEST GRADE BND,VTBI.ME,VTBI,ETP
279,INTERREGIONAL DISTRIBUTION G,MRKP.ME,MRKP,Common Stock
280,SNAP INC - A,SNAP-RM.ME,SNAP-RM,Common Stock
281,MMC NORILSK NICKEL PJSC,GMKN.ME,GMKN,Common Stock
282,NETAPP INC,NTAP-RM.ME,NTAP-RM,Common Stock
283,SEMPRA ENERGY,SRE-RM.ME,SRE-RM,Common Stock
284,ALIGN TECHNOLOGY INC,ALGN-RM.ME,ALGN-RM,Common Stock
285,CINTAS CORP,CTAS-RM.ME,CTAS-RM,Common Stock
286,AMIG ETF L0W-RISK BONDS,AMIG.ME,AMIG,ETP
287,HYLIION HOLDINGS CORP,HYLN-RM.ME,HYLN-RM,Common Stock
288,MOHAWK INDUSTRIES INC,MHK-RM.ME,MHK-RM,Common Stock
289,FINEX FFIN KAZAKHSTAN EQUITY,FXKZ.ME,FXKZ,ETP
290,TAPESTRY INC,TPR-RM.ME,TPR-RM,Common Stock
291,ZOOMINFO TECHNOLOGIES INC,ZI-RM.ME,ZI-RM,Common Stock
292,COINBASE GLOBAL INC -CLASS A,COIN-RM.ME,COIN-RM,Common Stock
293,HP INC,HPQ-RM.ME,HPQ-RM,Common Stock
294,SBHI ETF HALAL INVESTMENTS,SBHI.ME,SBHI,ETP
295,IC RUSS-INVEST PJSC,RUSI.ME,RUSI,Common Stock
296,TRIPADVISOR INC,TRIP-RM.ME,TRIP-RM,Common Stock
297,TWILIO INC - A,TWLO-RM.ME,TWLO-RM,Common Stock
298,TBUY ETF TINKOFF BUY BACK,TBUY.ME,TBUY,ETP
299,ETF DIVD DOHOD DIV RU,DIVD.ME,DIVD,ETP
300,HEADHUNTER GROUP PLC-ADR,HHRU.ME,HHRU,ADR
301,CSX CORP,CSX-RM.ME,CSX-RM,Common Stock
302,REPUBLIC SERVICES INC,RSG-RM.ME,RSG-RM,Common Stock
303,BIO-RAD LABORATORIES-A,BIO-RM.ME,BIO-RM,Common Stock
304,GTL OJSC,GTLC.ME,GTLC,Common Stock
305,CENTERPOINT ENERGY INC,CNP-RM.ME,CNP-RM,Common Stock
306,NEWS CORP - CLASS B,NWS-RM.ME,NWS-RM,Common Stock
307,FINEX USA IT UCITS ETF MINI,FXIM.ME,FXIM,ETP
308,PRUDENTIAL FINANCIAL INC,PRU-RM.ME,PRU-RM,Common Stock
309,VONTIER CORP,VNT-RM.ME,VNT-RM,Common Stock
310,TNS ENERGOS PJSC,TNSE.ME,TNSE,Common Stock
311,FIRSTENERGY CORP,FE-RM.ME,FE-RM,Common Stock
312,JEFFERIES FINANCIAL GROUP IN,JEF-RM.ME,JEF-RM,Common Stock
313,AMCC ETF CLOUD COMPUTING,AMCC.ME,AMCC,ETP
314,WALMART INC,WMT-RM.ME,WMT-RM,Common Stock
315,COUPANG INC,CPNG-RM.ME,CPNG-RM,Common Stock
316,UNITED AIRCRAFT CORP PJSC,UNAC.ME,UNAC,Common Stock
317,CHELYABINSKIY ZAVOD PROFILIR,PRFN.ME,PRFN,Common Stock
318,RANGE RESOURCES CORP,RRC-RM.ME,RRC-RM,Common Stock
319,DUPONT DE NEMOURS INC,DD-RM.ME,DD-RM,Common Stock
320,ETF AKME ALFA MANAGED EQTIES,AKME.ME,AKME,ETP
321,ARCHER-DANIELS-MIDLAND CO,ADM-RM.ME,ADM-RM,Common Stock
322,MARATHON PETROLEUM CORP,MPC-RM.ME,MPC-RM,Common Stock
323,DISH NETWORK CORP-A,DISH-RM.ME,DISH-RM,Common Stock
324,MICROVISION INC,MVIS-RM.ME,MVIS-RM,Common Stock
325,VALERO ENERGY CORP,VLO-RM.ME,VLO-RM,Common Stock
326,CATERPILLAR INC,CAT-RM.ME,CAT-RM,Common Stock
327,RENEWABLE ENERGY GROUP INC,REGI-RM.ME,REGI-RM,Common Stock
328,CITRIX SYSTEMS INC,CTXS-RM.ME,CTXS-RM,Common Stock
329,INTUIT INC,INTU-RM.ME,INTU-RM,Common Stock
330,JD.COM INC-ADR,JD-RM.ME,JD-RM,ADR
331,FLUOR CORP,FLR-RM.ME,FLR-RM,Common Stock
332,KROGER CO,KR-RM.ME,KR-RM,Common Stock
333,AVANGARD BANK PJSC,AVAN.ME,AVAN,Common Stock
334,BUILDERS FIRSTSOURCE INC,BLDR-RM.ME,BLDR-RM,Common Stock
335,STRYKER CORP,SYK-RM.ME,SYK-RM,Common Stock
336,BELON OJSC,BLNG.ME,BLNG,Common Stock
337,OVINTIV INC,OVV-RM.ME,OVV-RM,Common Stock
338,GLOBAL PAYMENTS INC,GPN-RM.ME,GPN-RM,Common Stock
339,MGIC INVESTMENT CORP,MTG-RM.ME,MTG-RM,Common Stock
340,XYLEM INC,XYL-RM.ME,XYL-RM,Common Stock
341,NORTHERN TRUST CORP,NTRS-RM.ME,NTRS-RM,Common Stock
342,BROWN-FORMAN CORP-CLASS B,BFB-RM.ME,BFB-RM,Common Stock
343,PAYPAL HOLDINGS INC,PYPL-RM.ME,PYPL-RM,Common Stock
344,MODERNA INC,MRNA-RM.ME,MRNA-RM,Common Stock
345,BOSTON SCIENTIFIC CORP,BSX-RM.ME,BSX-RM,Common Stock
346,INGRAD PJSC,INGR.ME,INGR,Common Stock
347,ABBVIE INC,ABBV-RM.ME,ABBV-RM,Common Stock
348,HERON THERAPEUTICS INC,HRTX-RM.ME,HRTX-RM,Common Stock
349,LYFT INC-A,LYFT-RM.ME,LYFT-RM,Common Stock
350,MARSH & MCLENNAN COS,MMC-RM.ME,MMC-RM,Common Stock
351,VISA INC-CLASS A SHARES,V-RM.ME,V-RM,Common Stock
352,HENRY SCHEIN INC,HSIC-RM.ME,HSIC-RM,Common Stock
353,KLA CORP,KLAC-RM.ME,KLAC-RM,Common Stock
354,LOCKHEED MARTIN CORP,LMT-RM.ME,LMT-RM,Common Stock
355,XILINX INC,XLNX-RM.ME,XLNX-RM,Common Stock
356,AMGR ETF GENETIC REVOLUTION,AMGR.ME,AMGR,ETP
357,PEOPLE'S UNITED FINANCIAL,PBCT-RM.ME,PBCT-RM,Common Stock
358,SAMOLET GROUP,SMLT.ME,SMLT,Common Stock
359,ABBOTT LABORATORIES,ABT-RM.ME,ABT-RM,Common Stock
360,RUSSIAN AQUACULTURE PJSC,AQUA.ME,AQUA,Common Stock
361,KRAFT HEINZ CO/THE,KHC-RM.ME,KHC-RM,Common Stock
362,BEST BUY CO INC,BBY-RM.ME,BBY-RM,Common Stock
363,VIACOMCBS INC - CLASS B,VIAC-RM.ME,VIAC-RM,Common Stock
364,HERSHEY CO/THE,HSY-RM.ME,HSY-RM,Common Stock
365,TOMSK DISTRIBUTION CO PJSC,TORS.ME,TORS,Common Stock
366,HCA HEALTHCARE INC,HCA-RM.ME,HCA-RM,Common Stock
367,INEM ETF INGOSSTRAKH EM BND,INEM.ME,INEM,ETP
368,GILEAD SCIENCES INC,GILD-RM.ME,GILD-RM,Common Stock
369,MRSK SIBIRI PJSC,MRKS.ME,MRKS,Common Stock
370,KAMCHATSKENERGO PJSC,KCHE.ME,KCHE,Common Stock
371,CLEVELAND-CLIFFS INC,CLF-RM.ME,CLF-RM,Common Stock
372,DOMINION ENERGY INC,D-RM.ME,D-RM,Common Stock
373,ROSNEFT OIL CO PJSC,ROSN.ME,ROSN,Common Stock
374,NUCOR CORP,NUE-RM.ME,NUE-RM,Common Stock
375,ASTRAKHAN POWER SALE CO PJSC,ASSB.ME,ASSB,Common Stock
376,AMICUS THERAPEUTICS INC,FOLD-RM.ME,FOLD-RM,Common Stock
377,TJX COMPANIES INC,TJX-RM.ME,TJX-RM,Common Stock
378,TRAVELERS COS INC/THE,TRV-RM.ME,TRV-RM,Common Stock
379,AFLAC INC,AFL-RM.ME,AFL-RM,Common Stock
380,BLACKROCK INC,BLK-RM.ME,BLK-RM,Common Stock
381,AMGF ETF GROWTH FACTOR,AMGF.ME,AMGF,ETP
382,ANSYS INC,ANSS-RM.ME,ANSS-RM,Common Stock
383,CELANESE CORP,CE-RM.ME,CE-RM,Common Stock
384,UNITY SOFTWARE INC,U-RM.ME,U-RM,Common Stock
385,TYLER TECHNOLOGIES INC,TYL-RM.ME,TYL-RM,Common Stock
386,CHIPOTLE MEXICAN GRILL INC,CMG-RM.ME,CMG-RM,Common Stock
387,IDEXX LABORATORIES INC,IDXX-RM.ME,IDXX-RM,Common Stock
388,AMIN ETF INNOVATIONS,AMIN.ME,AMIN,ETP
389,CHELYABINSK METALLURGICAL PL,CHMK.ME,CHMK,Common Stock
390,M VIDEO PJSC,MVID.ME,MVID,Common Stock
391,VIRGIN GALACTIC HOLDINGS INC,SPCE-RM.ME,SPCE-RM,Common Stock
392,CHELYABINSK FORGE&PRESS-BRD,CHKZ.ME,CHKZ,Common Stock
393,DONSKOY FACTORY OF RADIODETA,DZRD.ME,DZRD,Common Stock
394,ROBERT HALF INTL INC,RHI-RM.ME,RHI-RM,Common Stock
395,GOODRX HOLDINGS INC-CLASS A,GDRX-RM.ME,GDRX-RM,Common Stock
396,LUMEN TECHNOLOGIES INC,LUMN-RM.ME,LUMN-RM,Common Stock
397,AIR PRODUCTS & CHEMICALS INC,APD-RM.ME,APD-RM,Common Stock
398,ROSGOSSTRAKH PJSC,RGSS.ME,RGSS,Common Stock
399,BIOGEN INC,BIIB-RM.ME,BIIB-RM,Common Stock
400,SHERWIN-WILLIAMS CO/THE,SHW-RM.ME,SHW-RM,Common Stock
401,ROKU INC,ROKU-RM.ME,ROKU-RM,Common Stock
402,MICROSTRATEGY INC-CL A,MSTR-RM.ME,MSTR-RM,Common Stock
403,TOYOTA MOTOR CORP -SPON ADR,TM-RM.ME,TM-RM,ADR
404,VIPSHOP HOLDINGS LTD - ADR,VIPS-RM.ME,VIPS-RM,ADR
405,COTERRA ENERGY INC,COG-RM.ME,COG-RM,Common Stock
406,BAKER HUGHES CO,BKR-RM.ME,BKR-RM,Common Stock
407,SAMARAENERGO PJSC,SAGO.ME,SAGO,Common Stock
408,AMC ENTERTAINMENT HLDS-CL A,AMC-RM.ME,AMC-RM,Common Stock
409,FINEX RUSSIAN RTS EQUITY ETF,FXRL.ME,FXRL,ETP
410,CHEVRON CORP,CVX-RM.ME,CVX-RM,Common Stock
411,MULTISISTEMA OOO,MSST.ME,MSST,Common Stock
412,ANTHEM INC,ANTM-RM.ME,ANTM-RM,Common Stock
413,AUTOZONE INC,AZO-RM.ME,AZO-RM,Common Stock
414,ULTA BEAUTY INC,ULTA-RM.ME,ULTA-RM,Common Stock
415,F5 INC,FFIV-RM.ME,FFIV-RM,Common Stock
416,AKSP ETF S&P 500,AKSP.ME,AKSP,ETP
417,FISERV INC,FISV-RM.ME,FISV-RM,Common Stock
418,CASSAVA SCIENCES INC,SAVA-RM.ME,SAVA-RM,Common Stock
419,SIBERIAN GOSTINECS,SIBG.ME,SIBG,Common Stock
420,CARDINAL HEALTH INC,CAH-RM.ME,CAH-RM,Common Stock
421,T ROWE PRICE GROUP INC,TROW-RM.ME,TROW-RM,Common Stock
422,OPNB ETF RU BONDS,OPNB.ME,OPNB,ETP
423,BEYOND MEAT INC,BYND-RM.ME,BYND-RM,Common Stock
424,ROSSETI LENENERGO PJSC,LSNG.ME,LSNG,Common Stock
425,DEXCOM INC,DXCM-RM.ME,DXCM-RM,Common Stock
426,URALKALI PJSC,URKA.ME,URKA,Common Stock
427,VTBX ETF MOEX FUND,VTBX.ME,VTBX,ETP
428,RCMB ETF,RCMB.ME,RCMB,ETP
429,YANDEX NV-A,YNDX.ME,YNDX,Common Stock
430,FEDERAL GRID CO UNIFIED ENER,FEES.ME,FEES,Common Stock
431,VTBH ETF US HY CORP BONDS,VTBH.ME,VTBH,ETP
432,VELODYNE LIDAR INC,VLDR-RM.ME,VLDR-RM,Common Stock
433,METLIFE INC,MET-RM.ME,MET-RM,Common Stock
434,HUNTINGTON BANCSHARES INC,HBAN-RM.ME,HBAN-RM,Common Stock
435,SKILLZ INC,SKLZ-RM.ME,SKLZ-RM,Common Stock
436,URALSIB BANK PJSC,USBN.ME,USBN,Common Stock
437,PHILLIPS 66,PSX-RM.ME,PSX-RM,Common Stock
438,MARQETA INC-A,MQ-RM.ME,MQ-RM,Common Stock
439,SARATOVSKIY NEFTEPERERABATYV,KRKN.ME,KRKN,Common Stock
440,FLEETCOR TECHNOLOGIES INC,FLT-RM.ME,FLT-RM,Common Stock
441,GENUINE PARTS CO,GPC-RM.ME,GPC-RM,Common Stock
442,ILLINOIS TOOL WORKS,ITW-RM.ME,ITW-RM,Common Stock
443,RAYTHEON TECHNOLOGIES CORP,RTX-RM.ME,RTX-RM,Common Stock
444,CONOCOPHILLIPS,COP-RM.ME,COP-RM,Common Stock
445,EQT CORP,EQT-RM.ME,EQT-RM,Common Stock
446,FINEX CHINA UCITS ETF,FXCN.ME,FXCN,ETP
447,FMRU DIVIDEND ARISTOCRTS RF,FMRU.ME,FMRU,ETP
448,PALANTIR TECHNOLOGIES INC-A,PLTR-RM.ME,PLTR-RM,Common Stock
449,HOME DEPOT INC,HD-RM.ME,HD-RM,Common Stock
450,ROLLMAN GROUP PJSC,RLMN.ME,RLMN,Common Stock
451,KOKS PAO,KSGR.ME,KSGR,Common Stock
452,EHEALTH INC,EHTH-RM.ME,EHTH-RM,Common Stock
453,TGC-2 PJSC,TGKB.ME,TGKB,Common Stock
454,JACK HENRY & ASSOCIATES INC,JKHY-RM.ME,JKHY-RM,Common Stock
455,FIFTH THIRD BANCORP,FITB-RM.ME,FITB-RM,Common Stock
456,IMCB PJSC,GEMA.ME,GEMA,Common Stock
457,WABTEC CORP,WAB-RM.ME,WAB-RM,Common Stock
458,SKYWORKS SOLUTIONS INC,SWKS-RM.ME,SWKS-RM,Common Stock
459,TINKOFF NASDAQ BIOTECH ETF,TBIO.ME,TBIO,ETP
460,STEEL DYNAMICS INC,STLD-RM.ME,STLD-RM,Common Stock
461,ROSTOVOBLGAZ PJSC,RTGZ.ME,RTGZ,Common Stock
462,SBER CONSERVATIVE SMART FUND,SBCS.ME,SBCS,ETP
463,ALTICE USA INC- A,ATUS-RM.ME,ATUS-RM,Common Stock
464,AMETEK INC,AME-RM.ME,AME-RM,Common Stock
465,PAVLOVO BUS PJSC,PAZA.ME,PAZA,Common Stock
466,CLOVER HEALTH INVESTMENTS CO,CLOV-RM.ME,CLOV-RM,Common Stock
467,ATMOS ENERGY CORP,ATO-RM.ME,ATO-RM,Common Stock
468,WESTROCK CO,WRK-RM.ME,WRK-RM,Common Stock
469,KIMBERLY-CLARK CORP,KMB-RM.ME,KMB-RM,Common Stock
470,TRIMBLE INC,TRMB-RM.ME,TRMB-RM,Common Stock
471,ELANCO ANIMAL HEALTH INC,ELAN-RM.ME,ELAN-RM,Common Stock
472,OMNICOM GROUP,OMC-RM.ME,OMC-RM,Common Stock
473,KUZNETSKIY BANK PJSC,KUZB.ME,KUZB,Common Stock
474,VTBM ETF MMKT FUND,VTBM.ME,VTBM,ETP
475,OGK-2 PJSC,OGKB.ME,OGKB,Common Stock
476,PVH CORP,PVH-RM.ME,PVH-RM,Common Stock
477,EXPEDIA GROUP INC,EXPE-RM.ME,EXPE-RM,Common Stock
478,NPO NAUKA OJSC,NAUK.ME,NAUK,Common Stock
479,FINEX USA INFO TECH ETF,FXIT.ME,FXIT,ETP
480,PHOSAGRO PJSC,PHOR.ME,PHOR,Common Stock
481,HILTON WORLDWIDE HOLDINGS IN,HLT-RM.ME,HLT-RM,Common Stock
482,FINEX DEV MARKETS EX-USA USD,FXDM.ME,FXDM,ETP
483,AMEM ETF OPPORTUNITIES MRKT,AMEM.ME,AMEM,ETP
484,GAZPROM NEFT PJSC,SIBN.ME,SIBN,Common Stock
485,MONDELEZ INTERNATIONAL INC-A,MDLZ-RM.ME,MDLZ-RM,Common Stock
486,ALLSTATE CORP,ALL-RM.ME,ALL-RM,Common Stock
487,FINEX RUSSIAN CORP BONDS ETF,FXRU.ME,FXRU,ETP
488,CHARTER COMMUNICATIONS INC-A,CHTR-RM.ME,CHTR-RM,Common Stock
489,MSCI INC,MSCI-RM.ME,MSCI-RM,Common Stock
490,IRKUT CORP PJSC,IRKT.ME,IRKT,Common Stock
491,NVIDIA CORP,NVDA-RM.ME,NVDA-RM,Common Stock
492,TNS ENERGO ROSTOV-ON-DON PJS,RTSB.ME,RTSB,Common Stock
493,TATTELECOM PJSC,TTLK.ME,TTLK,Common Stock
494,PACKAGING CORP OF AMERICA,PKG-RM.ME,PKG-RM,Common Stock
495,UNDER ARMOUR INC-CLASS C,UA-RM.ME,UA-RM,Common Stock
496,SOUTHERN COPPER CORP,SCCO-RM.ME,SCCO-RM,Common Stock
497,AVANTOR INC,AVTR-RM.ME,AVTR-RM,Common Stock
498,SYNCHRONY FINANCIAL,SYF-RM.ME,SYF-RM,Common Stock
499,UTAIR AVIATION PJSC,UTAR.ME,UTAR,Common Stock
500,SBER DYNAMIC SMART FUND,SBDS.ME,SBDS,ETP
501,COPART INC,CPRT-RM.ME,CPRT-RM,Common Stock
502,NEWMONT CORP,NEM-RM.ME,NEM-RM,Common Stock
503,WW GRAINGER INC,GWW-RM.ME,GWW-RM,Common Stock
504,FORTIVE CORP,FTV-RM.ME,FTV-RM,Common Stock
505,TGC-1 PJSC,TGKA.ME,TGKA,Common Stock
506,MATTEL INC,MAT-RM.ME,MAT-RM,Common Stock
507,RCHY ETF RAIFF HYIELD BONDS,RCHY.ME,RCHY,ETP
508,KEYCORP,KEY-RM.ME,KEY-RM,Common Stock
509,EN+ GROUP INTERNATIONAL PJSC,ENPG.ME,ENPG,Common Stock
510,SCHWAB (CHARLES) CORP,SCHW-RM.ME,SCHW-RM,Common Stock
511,DOXIMITY INC-CLASS A,DOCS-RM.ME,DOCS-RM,Common Stock
512,SNAP-ON INC,SNA-RM.ME,SNA-RM,Common Stock
513,ROSBANK PJSC,ROSB.ME,ROSB,Common Stock
514,SBERBANK ASSET MANAGEMENT JS,SBRI.ME,SBRI,ETP
515,ALPHABET INC-CL C,GOOG-RM.ME,GOOG-RM,Common Stock
516,GEVO INC,GEVO-RM.ME,GEVO-RM,Common Stock
517,PARKER HANNIFIN CORP,PH-RM.ME,PH-RM,Common Stock
518,INTER RAO UES PJSC,IRAO.ME,IRAO,Common Stock
519,PERKINELMER INC,PKI-RM.ME,PKI-RM,Common Stock
520,SPB EXCHANGE PJSC,SPBE.ME,SPBE,Common Stock
521,ALIBABA GROUP HOLDING-SP ADR,BABA-RM.ME,BABA-RM,ADR
522,ORACLE CORP,ORCL-RM.ME,ORCL-RM,Common Stock
523,FUNKO INC-CLASS A,FNKO-RM.ME,FNKO-RM,Common Stock
524,PBF ENERGY INC-CLASS A,PBF-RM.ME,PBF-RM,Common Stock
525,KRASNYJ OCTYABR PJSC,KROT.ME,KROT,Common Stock
526,MOEX Russia Index,IMOEX.ME,IMOEX,Indice
527,AMPHENOL CORP-CL A,APH-RM.ME,APH-RM,Common Stock
528,TNS ENERGO NIZHNY NOVGOROD,NNSB.ME,NNSB,Common Stock
529,FOX CORP - CLASS B,FOX-RM.ME,FOX-RM,Common Stock
530,GOODYEAR TIRE & RUBBER CO,GT-RM.ME,GT-RM,Common Stock
531,AKSC ALFA CAPITAL COSMOS,AKSC.ME,AKSC,ETP
532,TELADOC HEALTH INC,TDOC-RM.ME,TDOC-RM,Common Stock
533,POSITIVE GROUP PJSC,POSI.ME,POSI,Common Stock
534,CIAN PLC-ADR,CIAN.ME,CIAN,ADR
535,LENZOLOTO PJSC,LNZL.ME,LNZL,Common Stock
536,NOVOROSSIYSK COMMERCIAL SEA,NMTP.ME,NMTP,Common Stock
537,TSOX TINKOFF SEMICONDUCTORS,TSOX.ME,TSOX,ETP
538,AMSC ETF DIGITAL FUTURE,AMSC.ME,AMSC,ETP
539,MOSCOW CITY TELEPHONE PJSC,MGTS.ME,MGTS,Common Stock
540,MERCK & CO. INC.,MRK-RM.ME,MRK-RM,Common Stock
541,NOVOROSSYISK GRAIN PLANT PJS,NKHP.ME,NKHP,Common Stock
542,INGERSOLL-RAND INC,IR-RM.ME,IR-RM,Common Stock
543,TESLA INC,TSLA-RM.ME,TSLA-RM,Common Stock
544,CITIZENS FINANCIAL GROUP,CFG-RM.ME,CFG-RM,Common Stock
545,GROD ETF,GROD.ME,GROD,ETP
546,POLYUS PJSC,PLZL.ME,PLZL,Common Stock
547,UIPATH INC - CLASS A,PATH-RM.ME,PATH-RM,Common Stock
548,1TBF ETF RUSSIAN EQUITY ESG,VTBF.ME,VTBF,ETP
549,RCMM ETF RAIFF MONEY MKT,RCMM.ME,RCMM,ETP
550,HONEYWELL INTERNATIONAL INC,HON-RM.ME,HON-RM,Common Stock
551,SARATOVENERGO PJSC,SARE.ME,SARE,Common Stock
552,TRUR ETF ALL WEATHER RUB,TRUR.ME,TRUR,ETP
553,FEDEX CORP,FDX-RM.ME,FDX-RM,Common Stock
554,FORD MOTOR CO,F-RM.ME,F-RM,Common Stock
555,RENAISSANCE INSURANCE GROUP,RENI.ME,RENI,Common Stock
556,CINCINNATI FINANCIAL CORP,CINF-RM.ME,CINF-RM,Common Stock
557,CORTEVA INC,CTVA-RM.ME,CTVA-RM,Common Stock
558,ECOLAB INC,ECL-RM.ME,ECL-RM,Common Stock
559,PRIMORIE BANK OJSC,PRMB.ME,PRMB,Common Stock
560,TAIWAN SEMICONDUCTOR-SP ADR,TSM-RM.ME,TSM-RM,ADR
561,ACRON PJSC,AKRN.ME,AKRN,Common Stock
562,MECHEL PJSC,MTLR.ME,MTLR,Common Stock
563,ABIOMED INC,ABMD-RM.ME,ABMD-RM,Common Stock
564,COMERICA INC,CMA-RM.ME,CMA-RM,Common Stock
565,INTL FLAVORS & FRAGRANCES,IFF-RM.ME,IFF-RM,Common Stock
566,BIONANO GENOMICS INC,BNGO-RM.ME,BNGO-RM,Common Stock
567,TWITTER INC,TWTR-RM.ME,TWTR-RM,Common Stock
568,BURYATZOLOTO PJSC,BRZL.ME,BRZL,Common Stock
569,AMVF ETF USA VALUE COMPANIES,AMVF.ME,AMVF,ETP
570,MCCORMICK & CO-NON VTG SHRS,MKC-RM.ME,MKC-RM,Common Stock
571,DOW INC,DOW-RM.ME,DOW-RM,Common Stock
572,EDISON INTERNATIONAL,EIX-RM.ME,EIX-RM,Common Stock
573,BELUGA GROUP PJSC,BELU.ME,BELU,Common Stock
574,METTLER-TOLEDO INTERNATIONAL,MTD-RM.ME,MTD-RM,Common Stock
575,LEGGETT & PLATT INC,LEG-RM.ME,LEG-RM,Common Stock
576,MRSK SEVERNOGO KAVKAZA PJSC,MRKK.ME,MRKK,Common Stock
577,VTBE ETF EM EQUITY,VTBE.ME,VTBE,ETP
578,WILLIAMS COS INC,WMB-RM.ME,WMB-RM,Common Stock
579,ALFA CAPITAL MANAGED EUROBND,AKEB.ME,AKEB,ETP
580,BCSB ETF HY SME BOND,BCSB.ME,BCSB,ETP
581,TELEDYNE TECHNOLOGIES INC,TDY-RM.ME,TDY-RM,Common Stock
582,RBC PJSC,RBCM.ME,RBCM,Common Stock
583,OPNA ETF - AS STOCKS,OPNA.ME,OPNA,ETP
584,COCA-COLA CO/THE,KO-RM.ME,KO-RM,Common Stock
585,CLOUDFLARE INC - CLASS A,NET-RM.ME,NET-RM,Common Stock
586,CHERKIZOVO GROUP PJSC,GCHE.ME,GCHE,Common Stock
587,KUZBASSKAYA TOPLIVNAYA CO,KBTK.ME,KBTK,Common Stock
588,FINEX CASH EQUIVALENTS USD,FXTB.ME,FXTB,ETP
589,PHARMSYNTHEZ PJSC,LIFE.ME,LIFE,Common Stock
590,ASHINSKIY METALLURGICAL WORK,AMEZ.ME,AMEZ,Common Stock
591,NISOURCE INC,NI-RM.ME,NI-RM,Common Stock
592,DELL TECHNOLOGIES -C,DELL-RM.ME,DELL-RM,Common Stock
593,ANALOG DEVICES INC,ADI-RM.ME,ADI-RM,Common Stock
594,EXELON CORP,EXC-RM.ME,EXC-RM,Common Stock
595,CHARLES RIVER LABORATORIES,CRL-RM.ME,CRL-RM,Common Stock
596,ARISTA NETWORKS INC,ANET-RM.ME,ANET-RM,Common Stock
597,KALUGA POWER SALE CO OJSC,KLSB.ME,KLSB,Common Stock
598,UNITED CO RUSAL INTERNATIONA,RUAL.ME,RUAL,Common Stock
599,KOVROVSKIY MEKHANIC,KMEZ.ME,KMEZ,Common Stock
600,MAGNIT PJSC,MGNT.ME,MGNT,Common Stock
601,VAXART INC,VXRT-RM.ME,VXRT-RM,Common Stock
602,VTBB ETF CORP BND SMART BETA,VTBB.ME,VTBB,ETP
603,BASHNEFT PJSC,BANE.ME,BANE,Common Stock
604,HUMAN STEM CELLS INSTITUTE P,ISKJ.ME,ISKJ,Common Stock
605,NIZHNEKAMSKSHINA PJSC,NKSH.ME,NKSH,Common Stock
606,MARATHON OIL CORP,MRO-RM.ME,MRO-RM,Common Stock
607,SPIRIT AIRLINES INC,SAVE-RM.ME,SAVE-RM,Common Stock
608,KAMAZ PJSC,KMAZ.ME,KMAZ,Common Stock
609,UNUM GROUP,UNM-RM.ME,UNM-RM,Common Stock
610,LKQ CORP,LKQ-RM.ME,LKQ-RM,Common Stock
611,BCSH ETF INVESTFUNDS FAVORIT,BCSH.ME,BCSH,ETP
612,APPHARVEST INC,APPH-RM.ME,APPH-RM,Common Stock
613,WYNN RESORTS LTD,WYNN-RM.ME,WYNN-RM,Common Stock
614,CLEANSPARK INC,CLSK-RM.ME,CLSK-RM,Common Stock
615,KELLOGG CO,K-RM.ME,K-RM,Common Stock
616,LUMINAR TECHNOLOGIES INC,LAZR-RM.ME,LAZR-RM,Common Stock
617,CAPITAL ONE FINANCIAL CORP,COF-RM.ME,COF-RM,Common Stock
618,ENEL RUSSIA PJSC,ENRU.ME,ENRU,Common Stock
619,CISCO SYSTEMS INC,CSCO-RM.ME,CSCO-RM,Common Stock
620,JACOBS ENGINEERING GROUP INC,J-RM.ME,J-RM,Common Stock
621,ROBINHOOD MARKETS INC - A,HOOD-RM.ME,HOOD-RM,Common Stock
622,COSTAR GROUP INC,CSGP-RM.ME,CSGP-RM,Common Stock
623,SYSCO CORP,SYY-RM.ME,SYY-RM,Common Stock
624,GAP INC/THE,GPS-RM.ME,GPS-RM,Common Stock
625,ADOBE INC,ADBE-RM.ME,ADBE-RM,Common Stock
626,MOODY'S CORP,MCO-RM.ME,MCO-RM,Common Stock
627,ABRAU-DURSO PJSC,ABRD.ME,ABRD,Common Stock
628,GAZ-TEK PJSC,GAZT.ME,GAZT,Common Stock
629,HUMANA INC,HUM-RM.ME,HUM-RM,Common Stock
630,BSPB CORP OBLIGATSII,SPBC.ME,SPBC,ETP
631,REGENERON PHARMACEUTICALS,REGN-RM.ME,REGN-RM,Common Stock
632,ESTEE LAUDER COMPANIES-CL A,EL-RM.ME,EL-RM,Common Stock
633,GEOTECH SEISMIC SERVICES PJS,GTSS.ME,GTSS,Common Stock
634,KYNDRYL HOLDINGS INC,KD-RM.ME,KD-RM,Common Stock
635,TIN'KOFF NASDAK TEKHNOLOGII,TECH.ME,TECH,ETP
636,FINEX US TIPS UCITS ETF,FXTP.ME,FXTP,ETP
637,MOSTOTREST PJSC,MSTT.ME,MSTT,Common Stock
638,YAKUTSK FUEL-ENERGY CO PJSC,YAKG.ME,YAKG,Common Stock
639,ROSSETI PJSC,RSTI.ME,RSTI,Common Stock
640,ARES CAPITAL CORP,ARCC-RM.ME,ARCC-RM,Common Stock
641,BOX INC - CLASS A,BOX-RM.ME,BOX-RM,Common Stock
642,AMEREN CORPORATION,AEE-RM.ME,AEE-RM,Common Stock
643,XPENG INC - ADR,XPEV-RM.ME,XPEV-RM,ADR
644,T-MOBILE US INC,TMUS-RM.ME,TMUS-RM,Common Stock
645,PROGRESSIVE CORP,PGR-RM.ME,PGR-RM,Common Stock
646,LOWE'S COS INC,LOW-RM.ME,LOW-RM,Common Stock
647,WORLD TRADE CENTER MOSCOW,WTCM.ME,WTCM,Common Stock
648,CONSTELLATION BRANDS INC-A,STZ-RM.ME,STZ-RM,Common Stock
649,DARDEN RESTAURANTS INC,DRI-RM.ME,DRI-RM,Common Stock
650,EBAY INC,EBAY-RM.ME,EBAY-RM,Common Stock
651,BOEING CO/THE,BA-RM.ME,BA-RM,Common Stock
652,TINKOFF EUROBONDS IN EURO,TBEU.ME,TBEU,ETP
653,BERKSHIRE HATHAWAY INC-CL B,BRKB-RM.ME,BRKB-RM,Common Stock
654,BECTON DICKINSON AND CO,BDX-RM.ME,BDX-RM,Common Stock
655,ASSURANT INC,AIZ-RM.ME,AIZ-RM,Common Stock
656,INVITAE CORP,NVTA-RM.ME,NVTA-RM,Common Stock
657,THERMO FISHER SCIENTIFIC INC,TMO-RM.ME,TMO-RM,Common Stock
658,AMERICAN WATER WORKS CO INC,AWK-RM.ME,AWK-RM,Common Stock
659,INTERNATIONAL PAPER CO,IP-RM.ME,IP-RM,Common Stock
660,DISCOVERY INC - A,DISCA-RM.ME,DISCA-RM,Common Stock
661,RUSSNEFT PJSC,RNFT.ME,RNFT,Common Stock
662,QUALCOMM INC,QCOM-RM.ME,QCOM-RM,Common Stock
663,VYBORG SHIPYARD JSC,VSYD.ME,VSYD,Common Stock
664,POLYMETAL INTERNATIONAL PLC,POLY.ME,POLY,Common Stock
665,IRKUTSKENERGO PJSC,IRGZ.ME,IRGZ,Common Stock
666,FIDELITY NATIONAL INFO SERV,FIS-RM.ME,FIS-RM,Common Stock
667,BLUEBIRD BIO INC,BLUE-RM.ME,BLUE-RM,Common Stock
668,KUBANENERGO PJSC,KUBE.ME,KUBE,Common Stock
669,FMC CORP,FMC-RM.ME,FMC-RM,Common Stock
670,AMERICAN INTERNATIONAL GROUP,AIG-RM.ME,AIG-RM,Common Stock
671,SBER PROGRESSIVE SMART FUND,SBPS.ME,SBPS,ETP
672,AMGEN INC,AMGN-RM.ME,AMGN-RM,Common Stock
673,ACADEMY SPORTS & OUTDOORS IN,ASO-RM.ME,ASO-RM,Common Stock
674,CARMAX INC,KMX-RM.ME,KMX-RM,Common Stock
675,ZOOM VIDEO COMMUNICATIONS-A,ZM-RM.ME,ZM-RM,Common Stock
676,SBERBANK OF RUSSIA PJSC,SBER.ME,SBER,Common Stock
677,DICK'S SPORTING GOODS INC,DKS-RM.ME,DKS-RM,Common Stock
678,AMGM ETF GOLD MINERS,AMGM.ME,AMGM,ETP
679,APPLE INC,AAPL-RM.ME,AAPL-RM,Common Stock
680,TAMBOV ENERGY RETAIL CO PJSC,TASB.ME,TASB,Common Stock
681,ILLUMINA INC,ILMN-RM.ME,ILMN-RM,Common Stock
682,BLOCK INC,SQ-RM.ME,SQ-RM,Common Stock
683,CLOROX COMPANY,CLX-RM.ME,CLX-RM,Common Stock
684,AMAZON.COM INC,AMZN-RM.ME,AMZN-RM,Common Stock
685,SPLUNK INC,SPLK-RM.ME,SPLK-RM,Common Stock
686,ZOETIS INC,ZTS-RM.ME,ZTS-RM,Common Stock
687,MONOLITHIC POWER SYSTEMS INC,MPWR-RM.ME,MPWR-RM,Common Stock
688,SONOS INC,SONO-RM.ME,SONO-RM,Common Stock
689,CDW CORP/DE,CDW-RM.ME,CDW-RM,Common Stock
690,LEVENHUK INC,LVHK.ME,LVHK,Common Stock
691,SOVCOMFLOT OAO,FLOT.ME,FLOT,Common Stock
692,ZIONS BANCORP NA,ZION-RM.ME,ZION-RM,Common Stock
693,OPNS ETF OTKRYTIE US STOCKS,OPNS.ME,OPNS,ETP
694,CUMMINS INC,CMI-RM.ME,CMI-RM,Common Stock
695,RESMED INC,RMD-RM.ME,RMD-RM,Common Stock
696,NOVARTIS AG-SPONSORED ADR,NVS-RM.ME,NVS-RM,ADR
697,VERISIGN INC,VRSN-RM.ME,VRSN-RM,Common Stock
698,ALASKA AIR GROUP INC,ALK-RM.ME,ALK-RM,Common Stock
699,HARLEY-DAVIDSON INC,HOG-RM.ME,HOG-RM,Common Stock
700,KUIBYSHEVAZOT PJSC,KAZT.ME,KAZT,Common Stock
701,SEGEZHA GROUP PJSC,SGZH.ME,SGZH,Common Stock
702,ETF AKCH ALFA CHINESE EQTY,AKCH.ME,AKCH,ETP
703,WESTERN DIGITAL CORP,WDC-RM.ME,WDC-RM,Common Stock
704,MOSAIC CO/THE,MOS-RM.ME,MOS-RM,Common Stock
705,BILIBILI INC-SPONSORED ADR,BILI-RM.ME,BILI-RM,ADR
706,NOVOLIPETSK STEEL PJSC,NLMK.ME,NLMK,Common Stock
707,EOG RESOURCES INC,EOG-RM.ME,EOG-RM,Common Stock
708,TAL EDUCATION GROUP- ADR,TAL-RM.ME,TAL-RM,ADR
709,TAKE-TWO INTERACTIVE SOFTWRE,TTWO-RM.ME,TTWO-RM,Common Stock
710,TIN'KOFF INDEKS MOSBIRZHI,TMOS.ME,TMOS,ETP
711,TFNX ETF TINKOFF FINTECH,TFNX.ME,TFNX,ETP
712,FINEX VIDEO GAMING AND ESPOR,FXES.ME,FXES,ETP
713,TYSON FOODS INC-CL A,TSN-RM.ME,TSN-RM,Common Stock
714,CENTRAL TELEGRAPH PJSC,CNTL.ME,CNTL,Common Stock
715,MOSCOW UNITED ELECTRIC GRID,MSRS.ME,MSRS,Common Stock
716,CARRIER GLOBAL CORP,CARR-RM.ME,CARR-RM,Common Stock
717,NEFAZ PJSC,NFAZ.ME,NFAZ,Common Stock
718,MOTOROLA SOLUTIONS INC,MSI-RM.ME,MSI-RM,Common Stock
719,FINEX GLOBAL EQUITY ETF USD,FXWO.ME,FXWO,ETP
720,TMK PJSC,TRMK.ME,TRMK,Common Stock
721,UTS PJSC,GRNT.ME,GRNT,Common Stock
722,L3HARRIS TECHNOLOGIES INC,LHX-RM.ME,LHX-RM,Common Stock
723,TIN'KOFF ZOLOTO,TGLD.ME,TGLD,ETP
724,TNS ENERGO YAROSAVL PJSC,YRSB.ME,YRSB,Common Stock
725,CENTENE CORP,CNC-RM.ME,CNC-RM,Common Stock
726,LOUISIANA-PACIFIC CORP,LPX-RM.ME,LPX-RM,Common Stock
727,SURGUTNEFTEGAS PJSC,SNGS.ME,SNGS,Common Stock
728,VERIZON COMMUNICATIONS INC,VZ-RM.ME,VZ-RM,Common Stock
729,2SEVENTY BIO INC,TSVT-RM.ME,TSVT-RM,Common Stock
730,WR BERKLEY CORP,WRB-RM.ME,WRB-RM,Common Stock
731,NEWELL BRANDS INC,NWL-RM.ME,NWL-RM,Common Stock
732,PIK GROUP PJSC,PIKK.ME,PIKK,Common Stock
733,BANK OF AMERICA CORP,BAC-RM.ME,BAC-RM,Common Stock
734,COMCAST CORP-CLASS A,CMCSA-RM.ME,CMCSA-RM,Common Stock
735,VEON LTD,VIP-ME.ME,VIP-ME,ADR
736,IZHSTAL OJSC,IGST.ME,IGST,Common Stock
737,FORTINET INC,FTNT-RM.ME,FTNT-RM,Common Stock
738,LORDSTOWN MOTORS CORP-CL A,RIDE-RM.ME,RIDE-RM,Common Stock
739,WEC ENERGY GROUP INC,WEC-RM.ME,WEC-RM,Common Stock
740,SLAVNEFT-MEGIONNEFTEGAZ OJSC,MFGS.ME,MFGS,Common Stock
741,EVERGY INC,EVRG-RM.ME,EVRG-RM,Common Stock
742,GENERAL MILLS INC,GIS-RM.ME,GIS-RM,Common Stock
743,ORASURE TECHNOLOGIES INC,OSUR-RM.ME,OSUR-RM,Common Stock
744,WASTE MANAGEMENT INC,WM-RM.ME,WM-RM,Common Stock
745,MRSK YUGA PJSC,MRKY.ME,MRKY,Common Stock
746,RUSPOLIMET OJSC,RUSP.ME,RUSP,Common Stock
747,PPL CORP,PPL-RM.ME,PPL-RM,Common Stock
748,HOWMET AEROSPACE INC,HWM-RM.ME,HWM-RM,Common Stock
749,STAVROPOLENERGOSBYT PJSC,STSB.ME,STSB,Common Stock
750,CONSOLIDATED EDISON INC,ED-RM.ME,ED-RM,Common Stock
751,JOHNSON & JOHNSON,JNJ-RM.ME,JNJ-RM,Common Stock
752,MARVELL TECHNOLOGY INC,MRVL-RM.ME,MRVL-RM,Common Stock
753,JUNIPER NETWORKS INC,JNPR-RM.ME,JNPR-RM,Common Stock
754,ETF AKMD ALFA MEDICINE,AKMD.ME,AKMD,ETP
755,LAS VEGAS SANDS CORP,LVS-RM.ME,LVS-RM,Common Stock
756,FINEX FALANG RUB HDG,FXRD.ME,FXRD,ETP
757,ZVEZDA PJSC,ZVEZ.ME,ZVEZ,Common Stock
758,NASDAQ INC,NDAQ-RM.ME,NDAQ-RM,Common Stock
759,INGOSS RUS BBB- 1-3 BOND ETF,INGO.ME,INGO,ETP
760,MARTIN MARIETTA MATERIALS,MLM-RM.ME,MLM-RM,Common Stock
761,MEGAFON PJSC,MFON.ME,MFON,Common Stock
762,INTUITIVE SURGICAL INC,ISRG-RM.ME,ISRG-RM,Common Stock
763,AUTODESK INC,ADSK-RM.ME,ADSK-RM,Common Stock
764,PERMENERGOSBYT PJSC,PMSB.ME,PMSB,Common Stock
765,HASBRO INC,HAS-RM.ME,HAS-RM,Common Stock
766,UNITED WAGON CO PJSC,UWGN.ME,UWGN,Common Stock
767,VARYEGANNEFTEGAZ PJSC,VJGZ.ME,VJGZ,Common Stock
768,UNITED CREDIT SYSTEMS PJSC,UCSS.ME,UCSS,Common Stock
769,DOORDASH INC - A,DASH-RM.ME,DASH-RM,Common Stock
770,EQUIFAX INC,EFX-RM.ME,EFX-RM,Common Stock
771,COTY INC-CL A,COTY-RM.ME,COTY-RM,Common Stock
772,SBER WEIGHTED SMART ETF,SBWS.ME,SBWS,ETP
773,HOLLYFRONTIER CORP,HFC-RM.ME,HFC-RM,Common Stock
774,VTB BANK PJSC,VTBR.ME,VTBR,Common Stock
775,COOPER COS INC/THE,COO-RM.ME,COO-RM,Common Stock
776,SOLIKAMSK MAGNESIUM PLANT OJ,MGNZ.ME,MGNZ,Common Stock
777,G1 THERAPEUTICS INC,GTHX-RM.ME,GTHX-RM,Common Stock
778,HELLO GROUP INC -SPN ADR,MOMO-RM.ME,MOMO-RM,ADR
779,RUSGRAIN HOLDING OJSC,RUGR.ME,RUGR,Common Stock
780,TCBR ETF TINKOFF CYBER,TCBR.ME,TCBR,ETP
781,BROADRIDGE FINANCIAL SOLUTIO,BR-RM.ME,BR-RM,Common Stock
782,HUNT (JB) TRANSPRT SVCS INC,JBHT-RM.ME,JBHT-RM,Common Stock
783,AMERICAN AIRLINES GROUP INC,AAL-RM.ME,AAL-RM,Common Stock
784,ELECTRONIC ARTS INC,EA-RM.ME,EA-RM,Common Stock
785,MCKESSON CORP,MCK-RM.ME,MCK-RM,Common Stock
786,SPIRIT AEROSYSTEMS HOLD-CL A,SPR-RM.ME,SPR-RM,Common Stock
787,PFIZER INC,PFE-RM.ME,PFE-RM,Common Stock
788,ORGANON & CO,OGN-RM.ME,OGN-RM,Common Stock
789,SBER RATIONAL SMART FUND,SBRS.ME,SBRS,ETP
790,IDEX CORP,IEX-RM.ME,IEX-RM,Common Stock
791,NEXTERA ENERGY INC,NEE-RM.ME,NEE-RM,Common Stock
792,FINEX US REIT UCITS ETF,FXRE.ME,FXRE,ETP
793,MTEK ETF LEADERS TECH,MTEK.ME,MTEK,ETP
794,META PLATFORMS INC-CLASS A,FB-RM.ME,FB-RM,Common Stock
795,GARTNER INC,IT-RM.ME,IT-RM,Common Stock
796,DIAMONDBACK ENERGY INC,FANG-RM.ME,FANG-RM,Common Stock
797,OPNU ETF OTKRYTIE US BONDS,OPNU.ME,OPNU,ETP
798,AMHC ETF USA HEALTHCARE,AMHC.ME,AMHC,ETP
799,BALL CORP,BLL-RM.ME,BLL-RM,Common Stock
800,MARKETAXESS HOLDINGS INC,MKTX-RM.ME,MKTX-RM,Common Stock
801,YUM CHINA HOLDINGS INC,YUMC-RM.ME,YUMC-RM,Common Stock
802,US DIVIDEND ARISTOCRATS ETF,FMUS.ME,FMUS,ETP
803,ROCKWELL AUTOMATION INC,ROK-RM.ME,ROK-RM,Common Stock
804,CATALENT INC,CTLT-RM.ME,CTLT-RM,Common Stock
805,SALESFORCE.COM INC,CRM-RM.ME,CRM-RM,Common Stock
806,ALLIANT ENERGY CORP,LNT-RM.ME,LNT-RM,Common Stock
807,OPNR ETF RU STOCKS,OPNR.ME,OPNR,ETP
808,KOPIN CORP,KOPN-RM.ME,KOPN-RM,Common Stock
809,NVR INC,NVR-RM.ME,NVR-RM,Common Stock
810,MICROCHIP TECHNOLOGY INC,MCHP-RM.ME,MCHP-RM,Common Stock
811,WELLS FARGO & CO,WFC-RM.ME,WFC-RM,Common Stock
812,INSEEGO CORP,INSG-RM.ME,INSG-RM,Common Stock
813,DETSKY MIR PJSC,DSKY.ME,DSKY,Common Stock
814,LINCOLN NATIONAL CORP,LNC-RM.ME,LNC-RM,Common Stock
815,BANK ST PETERSBURG PJSC,BSPB.ME,BSPB,Common Stock
816,VONAGE HOLDINGS CORP,VG-RM.ME,VG-RM,Common Stock
817,ALTERYX INC - CLASS A,AYX-RM.ME,AYX-RM,Common Stock
818,APPLIED MATERIALS INC,AMAT-RM.ME,AMAT-RM,Common Stock
819,AMRH ETF ATON HYIELD RUS BO,AMRH.ME,AMRH,ETP
820,LAMB WESTON HOLDINGS INC,LW-RM.ME,LW-RM,Common Stock
821,MICROSOFT CORP,MSFT-RM.ME,MSFT-RM,Common Stock
822,FINEX EM EX-CHINDIA ETF USD,FXEM.ME,FXEM,ETP
823,BOOKING HOLDINGS INC,BKNG-RM.ME,BKNG-RM,Common Stock
824,ITI RUSSIA EQUITY RTS ETF,RUSE.ME,RUSE,ETP
825,O'REILLY AUTOMOTIVE INC,ORLY-RM.ME,ORLY-RM,Common Stock
826,TINKOFF ENV CLEAN TECH,TGRN.ME,TGRN,ETP
827,DAVITA INC,DVA-RM.ME,DVA-RM,Common Stock
828,C.H. ROBINSON WORLDWIDE INC,CHRW-RM.ME,CHRW-RM,Common Stock
829,OZON HOLDINGS PLC - ADR,OZON.ME,OZON,ADR
830,AMDG ETF DIVIDENDS,AMDG.ME,AMDG,ETP
831,AMERICAN EAGLE OUTFITTERS,AEO-RM.ME,AEO-RM,Common Stock
832,LENTA INTERNATIONAL CO PJSC,LENT.ME,LENT,Common Stock
833,BRISTOL-MYERS SQUIBB CO,BMY-RM.ME,BMY-RM,Common Stock
834,ROLLINS INC,ROL-RM.ME,ROL-RM,Common Stock
835,ONEOK INC,OKE-RM.ME,OKE-RM,Common Stock
836,UNITED RENTALS INC,URI-RM.ME,URI-RM,Common Stock
837,VUZIX CORP,VUZI-RM.ME,VUZI-RM,Common Stock
838,PITNEY BOWES INC,PBI-RM.ME,PBI-RM,Common Stock
839,ROSTELECOM PJSC,RTKM.ME,RTKM,Common Stock
840,VTBY ETF EVROBONDS EURO,VTBY.ME,VTBY,ETP
841,NRG ENERGY INC,NRG-RM.ME,NRG-RM,Common Stock
842,CERNER CORP,CERN-RM.ME,CERN-RM,Common Stock
843,FINEX US TIPS UCITS-RUB HDGD,FXIP.ME,FXIP,ETP
844,ZEBRA TECHNOLOGIES CORP-CL A,ZBRA-RM.ME,ZBRA-RM,Common Stock
845,BORGWARNER INC,BWA-RM.ME,BWA-RM,Common Stock
846,WALT DISNEY CO/THE,DIS-RM.ME,DIS-RM,Common Stock
847,PPG INDUSTRIES INC,PPG-RM.ME,PPG-RM,Common Stock
848,GAZKON PJSC,GAZC.ME,GAZC,Common Stock
849,LEIDOS HOLDINGS INC,LDOS-RM.ME,LDOS-RM,Common Stock
850,FASTLY INC - CLASS A,FSLY-RM.ME,FSLY-RM,Common Stock
851,ALTRIA GROUP INC,MO-RM.ME,MO-RM,Common Stock
852,URALSKAYA KUZNITSA OAO-BRD,URKZ.ME,URKZ,Common Stock
853,OLD DOMINION FREIGHT LINE,ODFL-RM.ME,ODFL-RM,Common Stock
854,SONY GROUP CORP - SP ADR,SONY-RM.ME,SONY-RM,ADR
855,UNIVERSAL HEALTH SERVICES-B,UHS-RM.ME,UHS-RM,Common Stock
856,FORTUNE BRANDS HOME & SECURI,FBHS-RM.ME,FBHS-RM,Common Stock
857,FASTENAL CO,FAST-RM.ME,FAST-RM,Common Stock
858,XEROX HOLDINGS CORP,XRX-RM.ME,XRX-RM,Common Stock
859,KHIMPROM PJSC,HIMC.ME,HIMC,Common Stock
860,TGK-14 PJSC,TGKN.ME,TGKN,Common Stock
861,PIONEER NATURAL RESOURCES CO,PXD-RM.ME,PXD-RM,Common Stock
862,RSC ENERGIA OJSC,RKKE.ME,RKKE,Common Stock
863,EXELIXIS INC,EXEL-RM.ME,EXEL-RM,Common Stock
864,RAIFFEISEN RQIE ETF,RQIE.ME,RQIE,ETP
865,ACADIA PHARMACEUTICALS INC,ACAD-RM.ME,ACAD-RM,Common Stock
866,SOUTHERN CO/THE,SO-RM.ME,SO-RM,Common Stock
867,CHELYABINSK PIPE PLANT PJSC,CHEP.ME,CHEP,Common Stock
868,DUKE ENERGY CORP,DUK-RM.ME,DUK-RM,Common Stock
869,AMERICAN ELECTRIC POWER,AEP-RM.ME,AEP-RM,Common Stock
870,QIWI PLC-SPONSORED ADR,QIWI.ME,QIWI,ADR
871,PACCAR INC,PCAR-RM.ME,PCAR-RM,Common Stock
872,US BANCORP,USB-RM.ME,USB-RM,Common Stock
873,CME GROUP INC,CME-RM.ME,CME-RM,Common Stock
874,EQUITRANS MIDSTREAM CORP,ETRN-RM.ME,ETRN-RM,Common Stock
875,UBER TECHNOLOGIES INC,UBER-RM.ME,UBER-RM,Common Stock
876,DOVER CORP,DOV-RM.ME,DOV-RM,Common Stock
877,KRASNOKAMSK METAL MESH WORKS,KZMS.ME,KZMS,Common Stock
878,DRAFTKINGS INC - CL A,DKNG-RM.ME,DKNG-RM,Common Stock
879,ITI RUSSIA USD EUROBOND ETF,RUSB.ME,RUSB,ETP
880,ALFA CAPITAL EVROPA 600,AKEU.ME,AKEU,ETP
881,AGILENT TECHNOLOGIES INC,A-RM.ME,A-RM,Common Stock
882,NAUKA-SVYAZ PJSC,NSVZ.ME,NSVZ,Common Stock
883,SOLAREDGE TECHNOLOGIES INC,SEDG-RM.ME,SEDG-RM,Common Stock
884,DOCUSIGN INC,DOCU-RM.ME,DOCU-RM,Common Stock
885,MACY'S INC,M-RM.ME,M-RM,Common Stock
886,TRACTOR SUPPLY COMPANY,TSCO-RM.ME,TSCO-RM,Common Stock
887,IQVIA HOLDINGS INC,IQV-RM.ME,IQV-RM,Common Stock
888,FREEPORT-MCMORAN INC,FCX-RM.ME,FCX-RM,Common Stock
889,TNS ENERGO KUBAN PJSC,KBSB.ME,KBSB,Common Stock
890,INTL BUSINESS MACHINES CORP,IBM-RM.ME,IBM-RM,Common Stock
891,CREDIT BANK OF MOSCOW PJSC,CBOM.ME,CBOM,Common Stock
892,RASPADSKAYA OJSC,RASP.ME,RASP,Common Stock
893,QUANTA SERVICES INC,PWR-RM.ME,PWR-RM,Common Stock
894,SENTINELONE INC -CLASS A,S-RM.ME,S-RM,Common Stock
895,BANK OF NEW YORK MELLON CORP,BK-RM.ME,BK-RM,Common Stock
896,SBERBANK S&P 500,SBSP.ME,SBSP,ETP
897,CNX RESOURCES CORP,CNX-RM.ME,CNX-RM,Common Stock
898,DENTSPLY SIRONA INC,XRAY-RM.ME,XRAY-RM,Common Stock
899,LENNAR CORP-A,LEN-RM.ME,LEN-RM,Common Stock
900,HOLOGIC INC,HOLX-RM.ME,HOLX-RM,Common Stock
901,SWITCH INC - A,SWCH-RM.ME,SWCH-RM,Common Stock
902,ADVANCED MICRO DEVICES,AMD-RM.ME,AMD-RM,Common Stock
903,FINEX FALLEN ANGELS USD,FXFA.ME,FXFA,ETP
904,STARBUCKS CORP,SBUX-RM.ME,SBUX-RM,Common Stock
905,ALROSA PJSC,ALRS.ME,ALRS,Common Stock
906,DOMINO'S PIZZA INC,DPZ-RM.ME,DPZ-RM,Common Stock
907,SYNOPSYS INC,SNPS-RM.ME,SNPS-RM,Common Stock
908,CHEWY INC - CLASS A,CHWY-RM.ME,CHWY-RM,Common Stock
909,PURE STORAGE INC - CLASS A,PSTG-RM.ME,PSTG-RM,Common Stock
910,AUTOMATIC DATA PROCESSING,ADP-RM.ME,ADP-RM,Common Stock
911,MARRIOTT INTERNATIONAL -CL A,MAR-RM.ME,MAR-RM,Common Stock
912,BLINK CHARGING CO,BLNK-RM.ME,BLNK-RM,Common Stock
913,FINEX CASH EQUIVALENTS UCITS,FXMM.ME,FXMM,ETP
914,CONTINENTAL RESOURCES INC/OK,CLR-RM.ME,CLR-RM,Common Stock
915,PULTEGROUP INC,PHM-RM.ME,PHM-RM,Common Stock
916,VSMPO-AVISMA CORP PJSC,VSMO.ME,VSMO,Common Stock
917,YAKUTSKENERGO OJSC,YKEN.ME,YKEN,Common Stock
918,UNIPRO PJSC,UPRO.ME,UPRO,Common Stock
919,VIATRIS INC,VTRS-RM.ME,VTRS-RM,Common Stock
920,PAYCHEX INC,PAYX-RM.ME,PAYX-RM,Common Stock
921,SVETOFOR GROUP JSC,SVET.ME,SVET,Common Stock
922,TRANSDIGM GROUP INC,TDG-RM.ME,TDG-RM,Common Stock
923,PAYCOM SOFTWARE INC,PAYC-RM.ME,PAYC-RM,Common Stock
924,NUTANIX INC - A,NTNX-RM.ME,NTNX-RM,Common Stock
925,PLUG POWER INC,PLUG-RM.ME,PLUG-RM,Common Stock
926,VTB - GOLD FUND EXCHANGE,VTBG.ME,VTBG,ETP
927,GOLDMAN SACHS GROUP INC,GS-RM.ME,GS-RM,Common Stock
928,LAM RESEARCH CORP,LRCX-RM.ME,LRCX-RM,Common Stock
929,CONAGRA BRANDS INC,CAG-RM.ME,CAG-RM,Common Stock
930,BED BATH & BEYOND INC,BBBY-RM.ME,BBBY-RM,Common Stock
931,3M CO,MMM-RM.ME,MMM-RM,Common Stock
932,DEERE & CO,DE-RM.ME,DE-RM,Common Stock
933,EVERSOURCE ENERGY,ES-RM.ME,ES-RM,Common Stock
934,OCCIDENTAL PETROLEUM CORP,OXY-RM.ME,OXY-RM,Common Stock
935,UNITED AIRLINES HOLDINGS INC,UAL-RM.ME,UAL-RM,Common Stock
936,YUM! BRANDS INC,YUM-RM.ME,YUM-RM,Common Stock
937,ANAPLAN INC,PLAN-RM.ME,PLAN-RM,Common Stock
938,MOSENERGO PJSC,MSNG.ME,MSNG,Common Stock
